raw_name,platform_key,station,category,unit,sampling_minutes,required_by_forecast
GARD_11MBL3100000BM01XQ01,GARD_11MBL3100000BM01XQ01,GARD,湿度,%,15,true
GARD_11MBL3100000BT01XQ01,GARD_11MBL3100000BT01XQ01,GARD,温度,摄氏度,15,true
GARD_11MBY0100000BJ01XQ01,GARD_11MBY0100000BJ01XQ01,GARD,功率,MW,15,true
GARD_12MBY0100000BJ01XQ01,GARD_12MBY0100000BJ01XQ01,GARD,功率,MW,15,true
GARD_13MKA01CE903BJ01XQ01,GARD_13MKA01CE903BJ01XQ01,GARD,功率,MW,15,true
JFRD_11MBL0100000BM01XQ01,JFRD_11MBL0100000BM01XQ01,JFRD,湿度,%,15,true
JFRD_11MBL0100000BT02XQ01,JFRD_11MBL0100000BT02XQ01,JFRD,温度,摄氏度,15,true
JFRD_11MKA01GA001BJ40XQ01,JFRD_11MKA01GA001BJ40XQ01,JFRD,功率,MW,15,true
JQRD_10CBA00FA107XQ93,JQRD_10CBA00FA107XQ93,JQRD,功率,MW,15,true
JQRD_10CBA00FA108XQ93,JQRD_10CBA00FA108XQ93,JQRD,功率,MW,15,true
JQRD_10CBA00FA109XQ93,JQRD_10CBA00FA109XQ93,JQRD,功率,MW,15,true
JQRD_11MBL11CM001XQ01,JQRD_11MBL11CM001XQ01,JQRD,湿度,%,15,true
JQRD_11MBL11CT010XQ01,JQRD_11MBL11CT010XQ01,JQRD,温度,摄氏度,15,true
JQRD_12MBL11CM001XQ01,JQRD_12MBL11CM001XQ01,JQRD,湿度,%,15,true
JQRD_12MBL11CT010XQ01,JQRD_12MBL11CT010XQ01,JQRD,温度,摄氏度,15,true
JXRD_11MBL3100000BM01XQ01,JXRD_11MBL3100000BM01XQ01,JXRD,湿度,%,15,true
JXRD_11MBL3100000BT01XQ01,JXRD_11MBL3100000BT01XQ01,JXRD,温度,摄氏度,15,true
JXRD_11MBY0100000BJ01XQ01,JXRD_11MBY0100000BJ01XQ01,JXRD,功率,MW,15,true
JXRD_12MBY0100000BJ01XQ01,JXRD_12MBY0100000BJ01XQ01,JXRD,功率,MW,15,true
JXRD_13MKA01GA001BJ02XQ01,JXRD_13MKA01GA001BJ02XQ01,JXRD,功率,MW,15,true
JXRD_14MBY0100000BJ01XQ01,JXRD_14MBY0100000BJ01XQ01,JXRD,功率,MW,15,true
JXRD_15MKA01GA001BJ02XQ01,JXRD_15MKA01GA001BJ02XQ01,JXRD,功率,MW,15,true
JYRD_11MBL3100000BM01XQ01,JYRD_11MBL3100000BM01XQ01,JYRD,湿度,%,15,true
JYRD_30DCS01:FU101.PNT,JYRD_30DCS01:FU101_PNT,JYRD,功率,MW,15,true
JYRD_LOADCTL:GTMWSEL1_1.OUT,JYRD_LOADCTL:GTMWSEL1_1_OUT,JYRD,功率,MW,15,true
JYRD_LOADCTL:GTMWSEL1_2.OUT,JYRD_LOADCTL:GTMWSEL1_2_OUT,JYRD,功率,MW,15,true
JYRD_QIXIANGYI:RIN7.MEAS,JYRD_QIXIANGYI:RIN7_MEAS,JYRD,温度,摄氏度,15,true
SZRD_10DCS02FA133,SZRD_10DCS02FA133,SZRD,功率,MW,15,true
SZRD_10DCS02FA134,SZRD_10DCS02FA134,SZRD,功率,MW,15,true
SZRD_11MBL10CM901ZQ01,SZRD_11MBL10CM901ZQ01,SZRD,湿度,%,15,true
SZRD_11MBL10CT901ZQ01,SZRD_11MBL10CT901ZQ01,SZRD,温度,摄氏度,15,true
WLRD_11MBL01WP001BM01XQ01,WLRD_11MBL01WP001BM01XQ01,WLRD,湿度,%,15,true
WLRD_11MBL01WP001BT01XQ01,WLRD_11MBL01WP001BT01XQ01,WLRD,温度,摄氏度,15,true
WLRD_11MBY10CE901XQ01,WLRD_11MBY10CE901XQ01,WLRD,功率,MW,15,true
WLRD_13MKA0100000BJ01XQ01,WLRD_13MKA0100000BJ01XQ01,WLRD,功率,MW,15,true
