category,source_station,farm_id,raw_name,platform_key,unit,sampling_minutes,required,source_id
thermal,GARD,,GARD_11MBY0100000BJ01XQ01,GARD_11MBY0100000BJ01XQ01,MW,15,true,5
thermal,GARD,,GARD_12MBY0100000BJ01XQ01,GARD_12MBY0100000BJ01XQ01,MW,15,true,5
thermal,GARD,,GARD_13MKA01CE903BJ01XQ01,GARD_13MKA01CE903BJ01XQ01,MW,15,true,5
thermal,JFRD,,JFRD_11MKA01GA001BJ40XQ01,JFRD_11MKA01GA001BJ40XQ01,MW,15,true,4
thermal,JQRD,,JQRD_10CBA00FA107XQ93,JQRD_10CBA00FA107XQ93,MW,15,true,3
thermal,JQRD,,JQRD_10CBA00FA108XQ93,JQRD_10CBA00FA108XQ93,MW,15,true,3
thermal,JQRD,,JQRD_10CBA00FA109XQ93,JQRD_10CBA00FA109XQ93,MW,15,true,3
thermal,JXRD,,JXRD_11MBY0100000BJ01XQ01,JXRD_11MBY0100000BJ01XQ01,MW,15,true,6
thermal,JXRD,,JXRD_12MBY0100000BJ01XQ01,JXRD_12MBY0100000BJ01XQ01,MW,15,true,6
thermal,JXRD,,JXRD_13MKA01GA001BJ02XQ01,JXRD_13MKA01GA001BJ02XQ01,MW,15,true,6
thermal,JXRD,,JXRD_15MKA01GA001BJ02XQ01,JXRD_15MKA01GA001BJ02XQ01,MW,15,true,6
thermal,JXRD,,JXRD_14MBY0100000BJ01XQ01,JXRD_14MBY0100000BJ01XQ01,MW,15,true,6
thermal,JYRD,,JYRD_LOADCTL:GTMWSEL1_1.OUT,JYRD_LOADCTL:GTMWSEL1_1_OUT,MW,15,true,2
thermal,JYRD,,JYRD_LOADCTL:GTMWSEL1_2.OUT,JYRD_LOADCTL:GTMWSEL1_2_OUT,MW,15,true,2
thermal,JYRD,,JYRD_30DCS01:FU101.PNT,JYRD_30DCS01:FU101_PNT,MW,15,true,2
thermal,SZRD,,SZRD_10DCS02FA133,SZRD_10DCS02FA133,MW,15,true,8
thermal,SZRD,,SZRD_10DCS02FA134,SZRD_10DCS02FA134,MW,15,true,8
thermal,WLRD,,WLRD_13MKA0100000BJ01XQ01,WLRD_13MKA0100000BJ01XQ01,MW,15,true,7
thermal,WLRD,,WLRD_11MBY10CE901XQ01,WLRD_11MBY10CE901XQ01,MW,15,true,7
renewable,康保风电,1,farm_1_predictedPower,farm_1_predictedPower,MW,15,true,
renewable,孟家房子光伏电站（一期）,2,farm_2_predictedPower,farm_2_predictedPower,MW,15,true,
renewable,孟家房子光伏电站（二期）,3,farm_3_predictedPower,farm_3_predictedPower,MW,15,true,
renewable,孟家房子光伏电站（三期）,4,farm_4_predictedPower,farm_4_predictedPower,MW,15,true,
renewable,后杨庄光伏电站,7,farm_7_predictedPower,farm_7_predictedPower,MW,15,true,
renewable,宁河光伏电站,8,farm_8_predictedPower,farm_8_predictedPower,MW,15,true,
renewable,杨津庄风电场,10,farm_10_predictedPower,farm_10_predictedPower,MW,15,true,
renewable,苗庄风电场,11,farm_11_predictedPower,farm_11_predictedPower,MW,15,true,
renewable,板桥风电站,12,farm_12_predictedPower,farm_12_predictedPower,MW,15,true,
renewable,郝家营风电场（二期）,13,farm_13_predictedPower,farm_13_predictedPower,MW,15,true,
renewable,郝家营风电场（一期）,16,farm_16_predictedPower,farm_16_predictedPower,MW,15,true,
renewable,大囫囵风电场（一期）,17,farm_17_predictedPower,farm_17_predictedPower,MW,15,true,
renewable,大囫囵风电场（二期）,19,farm_19_predictedPower,farm_19_predictedPower,MW,15,true,
renewable,官厅风电场,20,farm_20_predictedPower,farm_20_predictedPower,MW,15,true,
renewable,麻黄峪风电站,21,farm_21_predictedPower,farm_21_predictedPower,MW,15,true,
renewable,延庆光伏电站（一期）,22,farm_22_predictedPower,farm_22_predictedPower,MW,15,true,
renewable,峻盛风电场,23,farm_23_predictedPower,farm_23_predictedPower,MW,15,true,
renewable,东棘坨风电场,28,farm_28_predictedPower,farm_28_predictedPower,MW,15,true,
renewable,延庆光伏电站（二期）,29,farm_29_predictedPower,farm_29_predictedPower,MW,15,true,
